id,name,email,gender,status
4001,Aditeya Chaturvedi,chaturvedi_aditeya@feil.org,female,inactive
4000,Prof. Saraswati Jain,jain_saraswati_prof@sauer.net,female,active
3999,Meghnath Agarwal Jr.,meghnath_jr_agarwal@jacobs-hermann.com,female,inactive
3998,Chandraketu Bhattathiri,chandraketu_bhattathiri@douglas.org,male,inactive
3996,Dhara Varman Ret.,ret_dhara_varman@wilkinson-hamill.info,female,inactive
3994,Amrita Jha,amrita_jha@towne.io,female,active
3993,Chandi Dubashi Sr.,chandi_dubashi_sr@bashirian.name,female,inactive
3992,Dharmaketu Patel,dharmaketu_patel@weber.net,female,inactive
3991,Chitramala Bharadwaj PhD,phd_chitramala_bharadwaj@sauer.org,male,active
3990,Saroja Sinha,sinha_saroja@sauer.name,female,inactive
